Rk,Player,Name,Tag,Season,Age,Tm,Lg,PTS,TS%,WS,G,GS,MP,FG,FGA,2P,2PA,3P,3PA,FT,FTA,ORB,DRB,TRB,AST,STL,BLK,TOV,PF,PTS,FG%,2P%,3P%,eFG%,FT%
1,Michael Jordan\jordami01,Michael Jordan,jordami01,1987-88,24,CHI,NBA,43.6,0.603,21.2,82,82,3311,1069,1998,1062,1945,7,53,723,860,139,310,449,485,259,131,252,270,2868,0.535,0.546,0.132,0.537,0.841
2,Michael Jordan\jordami01,Michael Jordan,jordami01,1995-96,32,CHI,NBA,42.5,0.582,20.4,82,82,3090,916,1850,805,1590,111,260,548,657,148,395,543,352,180,42,197,195,2491,0.495,0.506,0.427,0.525,0.834
3,Michael Jordan\jordami01,Michael Jordan,jordami01,1990-91,27,CHI,NBA,42.7,0.605,20.3,82,82,3034,990,1837,961,1744,29,93,571,671,118,374,492,453,223,83,202,229,2580,0.539,0.551,0.312,0.547,0.851
4,Michael Jordan\jordami01,Michael Jordan,jordami01,1988-89,25,CHI,NBA,40,0.614,19.8,81,81,3255,966,1795,939,1697,27,98,674,793,149,503,652,650,234,65,290,247,2633,0.538,0.553,0.276,0.546,0.85
5,Michael Jordan\jordami01,Michael Jordan,jordami01,1989-90,26,CHI,NBA,42.7,0.606,19,82,82,3197,1034,1964,942,1719,92,245,593,699,143,422,565,519,227,54,247,241,2753,0.526,0.548,0.376,0.55,0.848
6,Michael Jordan\jordami01,Michael Jordan,jordami01,1996-97,33,CHI,NBA,41.8,0.567,18.3,82,82,3106,920,1892,809,1595,111,297,480,576,113,369,482,352,140,44,166,156,2431,0.486,0.507,0.374,0.516,0.833
7,Chris Paul\paulch01,Chris Paul,paulch01,2008-09,23,NOH,NBA,32.4,0.599,18.3,78,78,3002,631,1255,567,1079,64,176,455,524,69,363,432,861,216,10,231,212,1781,0.503,0.525,0.364,0.528,0.868
8,Stephen Curry\curryst01,Stephen Curry,curryst01,2015-16,27,GSW,NBA,42.5,0.669,17.9,79,79,2700,805,1598,403,712,402,886,363,400,68,362,430,527,169,15,262,161,2375,0.504,0.566,0.454,0.63,0.908
9,Michael Jordan\jordami01,Michael Jordan,jordami01,1991-92,28,CHI,NBA,39.4,0.579,17.7,80,80,3102,943,1818,916,1718,27,100,491,590,91,420,511,489,182,75,200,201,2404,0.519,0.533,0.27,0.526,0.832
10,Michael Jordan\jordami01,Michael Jordan,jordami01,1992-93,29,CHI,NBA,43,0.564,17.2,78,78,3067,992,2003,911,1773,81,230,476,569,135,387,522,428,221,61,207,188,2541,0.495,0.514,0.352,0.515,0.837
11,Michael Jordan\jordami01,Michael Jordan,jordami01,1986-87,23,CHI,NBA,46.4,0.562,16.9,82,82,3281,1098,2279,1086,2213,12,66,833,972,166,264,430,377,236,125,272,237,3041,0.482,0.491,0.182,0.484,0.857
12,James Harden\hardeja01,James Harden,hardeja01,2014-15,25,HOU,NBA,37,0.605,16.4,81,81,2981,647,1470,439,915,208,555,715,824,75,384,459,565,154,60,321,208,2217,0.44,0.48,0.375,0.511,0.868
13,Magic Johnson\johnsma02,Magic Johnson,johnsma02,1986-87,27,LAL,NBA,31.1,0.602,15.9,80,80,2904,683,1308,675,1269,8,39,535,631,122,382,504,977,138,36,300,168,1909,0.522,0.532,0.205,0.525,0.848
14,Stephen Curry\curryst01,Stephen Curry,curryst01,2014-15,26,GSW,NBA,35.5,0.638,15.7,80,80,2613,653,1341,367,695,286,646,308,337,56,285,341,619,163,16,249,158,1900,0.487,0.528,0.443,0.594,0.914
15,Kobe Bryant\bryanko01,Kobe Bryant,bryanko01,2005-06,27,LAL,NBA,45.6,0.559,15.3,80,80,3277,978,2173,798,1655,180,518,696,819,71,354,425,360,147,30,250,233,2832,0.45,0.482,0.347,0.491,0.85
16,James Harden\hardeja01,James Harden,hardeja01,2016-17,27,HOU,NBA,38.4,0.613,15,81,81,2947,674,1533,412,777,262,756,746,881,95,564,659,907,121,38,464,215,2356,0.44,0.53,0.347,0.525,0.847
17,Dwyane Wade\wadedw01,Dwyane Wade,wadedw01,2008-09,27,MIA,NBA,41.8,0.574,14.7,79,79,3048,854,1739,766,1461,88,278,590,771,89,309,398,589,173,106,272,178,2386,0.491,0.524,0.317,0.516,0.765
18,Anfernee Hardaway\hardaan01,Anfernee Hardaway,hardaan01,1995-96,24,ORL,NBA,30.9,0.605,14.4,82,82,3015,623,1215,534,932,89,283,445,580,129,225,354,582,166,41,229,160,1780,0.513,0.573,0.314,0.549,0.767
19,Dwyane Wade\wadedw01,Dwyane Wade,wadedw01,2005-06,24,MIA,NBA,37,0.577,14.4,75,75,2892,699,1413,686,1337,13,76,629,803,107,323,430,503,146,58,268,217,2040,0.495,0.513,0.171,0.499,0.783
20,Michael Jordan\jordami01,Michael Jordan,jordami01,1984-85,21,CHI,NBA,35.5,0.592,14,82,82,3144,837,1625,828,1573,9,52,630,746,167,367,534,481,196,69,291,285,2313,0.515,0.526,0.173,0.518,0.845
21,Russell Westbrook\westbru01,Russell Westbrook,westbru01,2015-16,27,OKC,NBA,33.9,0.554,14,80,80,2750,656,1444,555,1103,101,341,465,573,145,481,626,834,163,20,342,200,1878,0.454,0.503,0.296,0.489,0.812
22,Kobe Bryant\bryanko01,Kobe Bryant,bryanko01,2007-08,29,LAL,NBA,36.5,0.576,13.8,82,82,3192,775,1690,625,1275,150,415,623,742,94,423,517,441,151,40,257,227,2323,0.459,0.49,0.361,0.503,0.84
23,Jimmy Butler\butleji01,Jimmy Butler,butleji01,2016-17,27,CHI,NBA,32.6,0.586,13.8,76,75,2809,570,1252,479,1004,91,248,585,676,129,341,470,417,143,32,159,112,1816,0.455,0.477,0.367,0.492,0.865
24,Ray Allen\allenra02,Ray Allen,allenra02,2000-01,25,MIL,NBA,30.1,0.61,13.7,82,82,3129,628,1309,426,842,202,467,348,392,101,327,428,374,124,20,204,192,1806,0.48,0.506,0.433,0.557,0.888
25,Gilbert Arenas\arenagi01,Gilbert Arenas,arenagi01,2005-06,24,WAS,NBA,36.1,0.581,13.6,80,80,3384,746,1668,547,1128,199,540,655,799,59,221,280,484,161,25,297,286,2346,0.447,0.485,0.369,0.507,0.82
26,Brandon Roy\roybr01,Brandon Roy,roybr01,2008-09,24,POR,NBA,33.7,0.573,13.5,78,78,2903,633,1318,550,1098,83,220,416,505,104,266,370,400,88,22,152,127,1765,0.48,0.501,0.377,0.512,0.824
27,Stephen Curry\curryst01,Stephen Curry,curryst01,2013-14,25,GSW,NBA,32.8,0.61,13.4,78,78,2846,652,1383,391,768,261,615,308,348,46,288,334,666,128,14,294,194,1873,0.471,0.509,0.424,0.566,0.885
28,James Harden\hardeja01,James Harden,hardeja01,2015-16,26,HOU,NBA,37.4,0.598,13.3,82,82,3125,710,1617,474,960,236,657,720,837,63,438,501,612,139,51,374,229,2376,0.439,0.494,0.359,0.512,0.86
29,Clyde Drexler\drexlcl01,Clyde Drexler,drexlcl01,1987-88,25,POR,NBA,33.1,0.564,13.2,81,80,3060,849,1679,838,1627,11,52,476,587,261,272,533,467,203,52,236,250,2185,0.506,0.515,0.212,0.509,0.811
30,Sidney Moncrief\moncrsi01,Sidney Moncrief,moncrsi01,1982-83,25,MIL,NBA,30.3,0.602,13.2,76,76,2710,606,1156,605,1146,1,10,499,604,192,245,437,300,113,23,197,180,1712,0.524,0.528,0.1,0.525,0.826
31,Derrick Rose\rosede01,Derrick Rose,rosede01,2010-11,22,CHI,NBA,35.6,0.55,13.1,81,81,3026,711,1597,583,1212,128,385,476,555,81,249,330,623,85,51,278,136,2026,0.445,0.481,0.332,0.485,0.858
32,Russell Westbrook\westbru01,Russell Westbrook,westbru01,2016-17,28,OKC,NBA,44.8,0.554,13.1,81,81,2802,824,1941,624,1358,200,583,710,840,137,727,864,840,132,31,438,190,2558,0.425,0.459,0.343,0.476,0.845
33,Kobe Bryant\bryanko01,Kobe Bryant,bryanko01,2006-07,28,LAL,NBA,39.7,0.58,13,77,77,3140,813,1757,676,1359,137,398,667,768,75,364,439,413,111,36,255,205,2430,0.463,0.497,0.344,0.502,0.868
34,Dwyane Wade\wadedw01,Dwyane Wade,wadedw01,2009-10,28,MIA,NBA,39.2,0.562,13,77,77,2792,719,1511,646,1268,73,243,534,702,107,266,373,501,142,82,252,181,2045,0.476,0.509,0.3,0.5,0.761
35,Vince Carter\cartevi01,Vince Carter,cartevi01,2000-01,24,TOR,NBA,36.7,0.551,12.9,75,75,2979,762,1656,600,1259,162,397,384,502,176,240,416,291,114,82,167,205,2070,0.46,0.477,0.408,0.509,0.765
36,Clyde Drexler\drexlcl01,Clyde Drexler,drexlcl01,1991-92,29,POR,NBA,33.5,0.56,12.8,76,76,2751,694,1476,580,1138,114,338,401,505,166,334,500,512,138,70,240,229,1903,0.47,0.51,0.337,0.509,0.794
37,James Harden\hardeja01,James Harden,hardeja01,2012-13,23,HOU,NBA,33.8,0.6,12.8,78,78,2985,585,1337,406,851,179,486,674,792,62,317,379,455,142,38,295,178,2023,0.438,0.477,0.368,0.504,0.851
38,James Harden\hardeja01,James Harden,hardeja01,2013-14,24,HOU,NBA,33.2,0.618,12.8,73,73,2777,549,1205,372,722,177,483,576,665,61,283,344,446,115,29,265,177,1851,0.456,0.515,0.366,0.529,0.866
39,Dwyane Wade\wadedw01,Dwyane Wade,wadedw01,2010-11,29,MIA,NBA,36.3,0.581,12.8,76,76,2823,692,1384,629,1178,63,206,494,652,123,362,485,346,111,87,237,197,1941,0.5,0.534,0.306,0.523,0.758
40,Terrell Brandon\brandte01,Terrell Brandon,brandte01,1995-96,25,CLE,NBA,32.9,0.573,12.7,75,75,2570,510,1096,419,861,91,235,338,381,47,201,248,487,132,33,142,146,1449,0.465,0.487,0.387,0.507,0.887
41,Kobe Bryant\bryanko01,Kobe Bryant,bryanko01,2008-09,30,LAL,NBA,37.8,0.561,12.7,82,82,2960,800,1712,682,1376,118,336,483,564,90,339,429,399,120,37,210,189,2201,0.467,0.496,0.351,0.502,0.856
42,David Thompson\thompda01,David Thompson,thompda01,1977-78,23,DEN,NBA,31.8,0.578,12.7,80,,3025,826,1584,826,1584,,,520,668,156,234,390,362,92,99,245,213,2172,0.521,0.521,,0.521,0.778
43,Stephen Curry\curryst01,Stephen Curry,curryst01,2016-17,28,GSW,NBA,36.5,0.624,12.6,79,79,2638,675,1443,351,654,324,789,325,362,61,292,353,524,142,17,239,183,1999,0.468,0.537,0.411,0.58,0.898
44,Clyde Drexler\drexlcl01,Clyde Drexler,drexlcl01,1988-89,26,POR,NBA,32,0.555,12.6,78,78,3064,829,1672,802,1568,27,104,438,548,289,326,615,450,213,54,250,269,2123,0.496,0.511,0.26,0.504,0.799
45,Reggie Miller\millere01,Reggie Miller,millere01,1990-91,25,IND,NBA,30.2,0.65,12.5,82,82,2972,596,1164,484,842,112,322,551,600,81,200,281,331,109,13,163,165,1855,0.512,0.575,0.348,0.56,0.918
46,Isaiah Thomas\thomais02,Isaiah Thomas,thomais02,2016-17,27,BOS,NBA,42.4,0.625,12.5,76,76,2569,682,1473,437,827,245,646,590,649,43,162,205,448,70,13,210,167,2199,0.463,0.528,0.379,0.546,0.909
47,Reggie Miller\millere01,Reggie Miller,millere01,1996-97,31,IND,NBA,31.8,0.603,12.3,81,81,2966,552,1244,323,708,229,536,418,475,53,233,286,273,75,25,166,172,1751,0.444,0.456,0.427,0.536,0.88
48,Sam Cassell\cassesa01,Sam Cassell,cassesa01,2003-04,34,MIN,NBA,30.5,0.566,12.1,81,81,2838,620,1270,546,1084,74,186,289,331,44,227,271,592,102,18,220,247,1603,0.488,0.504,0.398,0.517,0.873
49,Reggie Miller\millere01,Reggie Miller,millere01,1989-90,24,IND,NBA,31.2,0.645,12.1,82,82,3192,661,1287,511,925,150,362,544,627,95,200,295,311,110,18,222,175,2016,0.514,0.552,0.414,0.572,0.868
50,George Gervin\gervige01,George Gervin,gervige01,1977-78,25,SAS,NBA,34.4,0.594,12,82,,2857,864,1611,864,1611,,,504,607,118,302,420,302,136,110,306,255,2232,0.536,0.536,,0.536,0.83
51,Reggie Miller\millere01,Reggie Miller,millere01,1997-98,32,IND,NBA,30.8,0.619,12,81,81,2795,516,1081,352,699,164,382,382,440,46,186,232,171,78,11,128,148,1578,0.477,0.504,0.429,0.553,0.868
52,Clyde Drexler\drexlcl01,Clyde Drexler,drexlcl01,1994-95,32,TOT,NBA,30.9,0.577,11.7,76,75,2728,571,1238,424,830,147,408,364,442,152,328,480,362,136,45,186,206,1653,0.461,0.511,0.36,0.521,0.824
53,Reggie Miller\millere01,Reggie Miller,millere01,1993-94,28,IND,NBA,30.7,0.636,11.7,79,79,2638,524,1042,401,750,123,292,403,444,30,182,212,248,119,24,175,193,1574,0.503,0.535,0.421,0.562,0.908
54,Allen Iverson\iversal01,Allen Iverson,iversal01,2007-08,32,DEN,NBA,30.4,0.567,11.6,82,82,3424,712,1556,617,1281,95,275,645,797,47,196,243,586,160,12,245,109,2164,0.458,0.482,0.345,0.488,0.809
55,Gilbert Arenas\arenagi01,Gilbert Arenas,arenagi01,2004-05,23,WAS,NBA,32,0.565,11.5,80,80,3274,656,1523,451,961,205,562,521,640,83,295,378,411,139,23,242,245,2038,0.431,0.469,0.365,0.498,0.814
56,George Gervin\gervige01,George Gervin,gervige01,1978-79,26,SAS,NBA,35.6,0.591,11.4,80,,2888,947,1749,947,1749,,,471,570,142,258,400,219,137,91,286,275,2365,0.541,0.541,,0.541,0.826
57,Reggie Miller\millere01,Reggie Miller,millere01,1994-95,29,IND,NBA,31.8,0.62,11.4,81,81,2665,505,1092,310,622,195,470,383,427,30,180,210,242,98,16,151,157,1588,0.462,0.498,0.415,0.552,0.897
58,Kobe Bryant\bryanko01,Kobe Bryant,bryanko01,2000-01,22,LAL,NBA,36.4,0.552,11.3,68,68,2783,701,1510,640,1310,61,200,475,557,104,295,399,338,114,43,220,222,1938,0.464,0.489,0.305,0.484,0.853
59,Stephen Curry\curryst01,Stephen Curry,curryst01,2012-13,24,GSW,NBA,30.4,0.589,11.2,78,78,2983,626,1388,354,788,272,600,262,291,59,255,314,539,126,12,240,198,1786,0.451,0.449,0.453,0.549,0.9
60,Manu Ginobili\ginobma01,Manu Ginobili,ginobma01,2007-08,30,SAS,NBA,33.9,0.612,11.1,74,23,2299,453,984,297,595,156,389,380,442,63,291,354,332,109,33,200,173,1442,0.46,0.499,0.401,0.54,0.86
61,Dwyane Wade\wadedw01,Dwyane Wade,wadedw01,2004-05,23,MIA,NBA,33,0.561,11,77,77,2974,630,1318,617,1273,13,45,581,762,110,287,397,520,121,82,321,230,1854,0.478,0.485,0.289,0.483,0.762
62,Kobe Bryant\bryanko01,Kobe Bryant,bryanko01,2012-13,34,LAL,NBA,36,0.57,10.9,78,78,3013,738,1595,606,1188,132,407,525,626,66,367,433,469,106,25,287,173,2133,0.463,0.51,0.324,0.504,0.839
63,Gilbert Arenas\arenagi01,Gilbert Arenas,arenagi01,2006-07,25,WAS,NBA,36.5,0.565,10.8,74,73,2942,647,1548,442,964,205,584,606,718,61,277,338,443,139,13,236,249,2105,0.418,0.459,0.351,0.484,0.844
64,Dale Ellis\ellisda01,Dale Ellis,ellisda01,1988-89,28,SEA,NBA,33.9,0.589,10.8,82,82,3190,857,1710,695,1371,162,339,377,462,156,186,342,164,108,22,218,197,2253,0.501,0.507,0.478,0.549,0.816
65,Michael Redd\reddmi01,Michael Redd,reddmi01,2005-06,26,MIL,NBA,34.1,0.574,10.8,80,80,3130,682,1516,519,1103,163,413,501,571,78,264,342,229,95,5,170,157,2028,0.45,0.471,0.395,0.504,0.877
66,Mitch Richmond\richmmi01,Mitch Richmond,richmmi01,1996-97,31,SAC,NBA,35.3,0.578,10.8,81,81,3125,717,1578,513,1101,204,477,457,531,59,260,319,338,118,24,237,211,2095,0.454,0.466,0.428,0.519,0.861
67,Ray Allen\allenra02,Ray Allen,allenra02,2004-05,29,SEA,NBA,33.3,0.555,10.7,78,78,3064,640,1494,431,938,209,556,378,428,79,268,347,289,84,5,171,167,1867,0.428,0.459,0.376,0.498,0.883
68,Kobe Bryant\bryanko01,Kobe Bryant,bryanko01,2003-04,25,LAL,NBA,33.1,0.551,10.7,65,64,2447,516,1178,445,961,71,217,454,533,103,256,359,330,112,28,171,176,1557,0.438,0.463,0.327,0.468,0.852
69,George Gervin\gervige01,George Gervin,gervige01,1981-82,29,SAS,NBA,42.4,0.562,10.7,79,79,2817,993,1987,983,1951,10,36,555,642,138,254,392,187,77,45,210,215,2551,0.5,0.504,0.278,0.502,0.864
70,David Thompson\thompda01,David Thompson,thompda01,1976-77,22,DEN,NBA,30.6,0.559,10.7,82,,3001,824,1626,824,1626,,,477,623,138,196,334,337,114,53,,236,2125,0.507,0.507,,0.507,0.766
71,George Gervin\gervige01,George Gervin,gervige01,1979-80,27,SAS,NBA,38.6,0.587,10.6,78,,2934,1024,1940,992,1838,32,102,505,593,154,249,403,202,110,79,254,208,2585,0.528,0.54,0.314,0.536,0.852
72,Manu Ginobili\ginobma01,Manu Ginobili,ginobma01,2006-07,29,SAS,NBA,32.2,0.609,10.6,75,36,2060,396,854,268,531,128,323,320,372,59,268,327,263,109,27,157,155,1240,0.464,0.505,0.396,0.539,0.86
73,Vince Carter\cartevi01,Vince Carter,cartevi01,2006-07,30,NJN,NBA,34.8,0.559,10.5,82,82,3126,726,1598,570,1161,156,437,462,576,114,378,492,393,82,30,217,266,2070,0.454,0.491,0.357,0.503,0.802
74,George Gervin\gervige01,George Gervin,gervige01,1976-77,24,SAS,NBA,30.1,0.604,10.5,82,,2705,726,1335,726,1335,,,443,532,134,320,454,238,105,104,,286,1895,0.544,0.544,,0.544,0.833
75,George Gervin\gervige01,George Gervin,gervige01,1980-81,28,SAS,NBA,37.5,0.555,10.5,82,,2765,850,1729,841,1694,9,35,512,620,126,293,419,260,94,56,251,212,2221,0.492,0.496,0.257,0.494,0.826
76,Paul Westphal\westppa01,Paul Westphal,westppa01,1979-80,29,PHO,NBA,30.8,0.593,10.5,82,,2665,692,1317,666,1224,26,93,382,443,46,141,187,416,119,35,207,162,1792,0.525,0.544,0.28,0.535,0.862
77,Kyrie Irving\irvinky01,Kyrie Irving,irvinky01,2014-15,22,CLE,NBA,31,0.583,10.4,75,75,2730,578,1235,421,857,157,378,315,365,55,182,237,389,114,20,186,146,1628,0.468,0.491,0.415,0.532,0.863
78,Damian Lillard\lillada01,Damian Lillard,lillada01,2016-17,26,POR,NBA,37.3,0.586,10.4,75,75,2694,661,1488,447,909,214,579,488,545,46,322,368,440,68,20,197,152,2024,0.444,0.492,0.37,0.516,0.895
79,Paul Westphal\westppa01,Paul Westphal,westppa01,1978-79,28,PHO,NBA,32.5,0.58,10.4,81,,2641,801,1496,801,1496,,,339,405,35,124,159,529,111,26,232,159,1941,0.535,0.535,,0.535,0.837
80,Reggie Miller\millere01,Reggie Miller,millere01,1995-96,30,IND,NBA,32.9,0.625,10.3,76,76,2621,504,1066,336,656,168,410,430,498,38,176,214,253,77,13,189,175,1606,0.473,0.512,0.41,0.552,0.863
81,Jim Paxson\paxsoji02,Jim Paxson,paxsoji02,1982-83,25,POR,NBA,30.5,0.573,10.2,81,81,2740,682,1323,678,1298,4,25,388,478,68,106,174,231,140,17,156,160,1756,0.515,0.522,0.16,0.517,0.812
82,Ray Allen\allenra02,Ray Allen,allenra02,1999-00,24,MIL,NBA,30.5,0.57,10.1,82,82,3070,642,1411,470,1004,172,407,353,398,83,276,359,308,110,19,183,187,1809,0.455,0.468,0.423,0.516,0.887
83,Walter Davis\daviswa03,Walter Davis,daviswa03,1977-78,23,PHO,NBA,32.6,0.577,10.1,81,,2590,786,1494,786,1494,,,387,466,158,326,484,273,113,20,283,242,1959,0.526,0.526,,0.526,0.83
84,World B. Free\freewo01,World B. Free,freewo01,1978-79,25,SDC,NBA,34.3,0.552,10.1,78,,2954,795,1653,795,1653,,,654,865,127,174,301,340,111,35,297,253,2244,0.481,0.481,,0.481,0.756
85,Kyle Lowry\lowryky01,Kyle Lowry,lowryky01,2016-17,30,TOR,NBA,30.4,0.623,10.1,60,60,2244,426,918,233,450,193,468,299,365,48,238,286,417,88,19,173,170,1344,0.464,0.518,0.412,0.569,0.819
86,Mike Conley\conlemi01,Mike Conley,conlemi01,2016-17,29,MEM,NBA,32.1,0.604,10,69,68,2292,464,1009,293,590,171,419,316,368,31,210,241,433,92,19,156,126,1415,0.46,0.497,0.408,0.545,0.859
87,Paul Westphal\westppa01,Paul Westphal,westppa01,1977-78,27,PHO,NBA,35,0.565,9.8,80,,2481,809,1568,809,1568,,,396,487,41,123,164,437,138,31,280,162,2014,0.516,0.516,,0.516,0.813
88,Manu Ginobili\ginobma01,Manu Ginobili,ginobma01,2009-10,32,SAS,NBA,30.1,0.584,9.7,75,21,2150,398,903,266,553,132,350,309,355,68,216,284,370,103,24,154,154,1237,0.441,0.481,0.377,0.514,0.87
89,Isaiah Thomas\thomais02,Isaiah Thomas,thomais02,2015-16,26,BOS,NBA,33.6,0.562,9.7,82,79,2644,591,1382,424,917,167,465,474,544,46,197,243,509,91,9,220,167,1823,0.428,0.462,0.359,0.488,0.871
90,Sam Cassell\cassesa01,Sam Cassell,cassesa01,2002-03,33,MIL,NBA,30.2,0.565,9.6,78,77,2700,546,1162,487,999,59,163,385,447,57,285,342,450,88,14,177,216,1536,0.47,0.487,0.362,0.495,0.861
91,Tony Parker\parketo01,Tony Parker,parketo01,2005-06,23,SAS,NBA,30.2,0.584,9.6,80,80,2715,623,1136,612,1100,11,36,253,358,38,223,261,460,83,4,249,161,1510,0.548,0.556,0.306,0.553,0.707
92,Tony Parker\parketo01,Tony Parker,parketo01,2006-07,24,SAS,NBA,30.6,0.572,9.6,77,77,2499,570,1096,555,1058,15,38,274,350,34,216,250,420,82,6,191,137,1429,0.52,0.525,0.395,0.527,0.783
93,Dwyane Wade\wadedw01,Dwyane Wade,wadedw01,2012-13,31,MIA,NBA,32.4,0.571,9.6,69,69,2391,569,1093,552,1027,17,66,308,425,86,258,344,352,128,56,194,140,1463,0.521,0.537,0.258,0.528,0.725
94,Ray Allen\allenra02,Ray Allen,allenra02,2005-06,30,SEA,NBA,33.9,0.59,9.5,78,78,3022,681,1500,412,847,269,653,324,359,71,261,332,286,105,16,188,151,1955,0.454,0.486,0.412,0.544,0.903
95,Kevin Martin\martike02,Kevin Martin,martike02,2010-11,27,HOU,NBA,36.7,0.601,9.5,80,80,2603,553,1267,377,808,176,459,594,669,28,230,258,198,80,15,184,155,1876,0.436,0.467,0.383,0.506,0.888
96,Jim Paxson\paxsoji02,Jim Paxson,paxsoji02,1983-84,26,POR,NBA,30.4,0.573,9.5,81,81,2686,680,1322,663,1263,17,59,345,410,68,105,173,251,122,10,142,165,1722,0.514,0.525,0.288,0.521,0.841
97,David Thompson\thompda01,David Thompson,thompda01,1978-79,24,DEN,NBA,31,0.567,9.5,76,,2670,693,1353,693,1353,,,439,583,109,165,274,225,70,82,186,180,1825,0.512,0.512,,0.512,0.753
98,Walter Davis\daviswa03,Walter Davis,daviswa03,1978-79,24,PHO,NBA,33.9,0.606,9.4,79,,2437,764,1362,764,1362,,,340,409,111,262,373,339,147,26,293,250,1868,0.561,0.561,,0.561,0.831
99,George Gervin\gervige01,George Gervin,gervige01,1982-83,30,SAS,NBA,33.5,0.561,9.4,78,78,2830,757,1553,745,1520,12,33,517,606,111,246,357,264,88,67,247,243,2043,0.487,0.49,0.364,0.491,0.853
100,Dale Ellis\ellisda01,Dale Ellis,ellisda01,1986-87,26,SEA,NBA,31.3,0.588,9.3,82,76,3073,785,1520,699,1280,86,240,385,489,187,260,447,238,104,32,238,267,2041,0.516,0.546,0.358,0.545,0.787
101,Tony Parker\parketo01,Tony Parker,parketo01,2012-13,30,SAS,NBA,31.4,0.588,9.3,66,66,2174,519,995,495,927,24,68,279,330,18,180,198,499,54,6,170,92,1341,0.522,0.534,0.353,0.534,0.845
102,Mitch Richmond\richmmi01,Mitch Richmond,richmmi01,1995-96,30,SAC,NBA,32.7,0.591,9.3,81,81,2946,611,1368,386,853,225,515,425,491,54,215,269,255,125,19,220,233,1872,0.447,0.453,0.437,0.529,0.866
103,Damian Lillard\lillada01,Damian Lillard,lillada01,2015-16,25,POR,NBA,35.1,0.56,9.2,75,75,2676,618,1474,389,864,229,610,414,464,45,257,302,512,65,28,242,165,1879,0.419,0.45,0.375,0.497,0.892
104,Ray Allen\allenra02,Ray Allen,allenra02,2002-03,27,TOT,NBA,31.9,0.565,9.1,76,75,2880,598,1363,397,830,201,533,316,345,94,287,381,334,103,14,198,220,1713,0.439,0.478,0.377,0.512,0.916
105,Joe Dumars\dumarjo01,Joe Dumars,dumarjo01,1992-93,29,DET,NBA,30.1,0.555,9.1,77,77,3094,677,1454,565,1155,112,299,343,397,63,85,148,308,78,7,138,141,1809,0.466,0.489,0.375,0.504,0.864
106,Brandon Roy\roybr01,Brandon Roy,roybr01,2009-10,25,POR,NBA,31.6,0.568,9.1,65,65,2419,491,1038,418,817,73,221,343,440,73,212,285,305,61,16,129,136,1398,0.473,0.512,0.33,0.508,0.78
107,DeMar DeRozan\derozde01,DeMar DeRozan,derozde01,2016-17,27,TOR,NBA,39.1,0.552,9,74,74,2620,721,1545,688,1421,33,124,545,647,70,316,386,290,78,13,180,134,2020,0.467,0.484,0.266,0.477,0.842
108,Dale Ellis\ellisda01,Dale Ellis,ellisda01,1987-88,27,SEA,NBA,33.3,0.572,9,75,73,2790,764,1519,657,1260,107,259,303,395,167,173,340,197,74,11,172,221,1938,0.503,0.521,0.413,0.538,0.767
109,Ray Allen\allenra02,Ray Allen,allenra02,2001-02,26,MIL,NBA,31.7,0.598,8.9,69,67,2525,530,1148,301,620,229,528,214,245,81,231,312,271,88,18,159,157,1503,0.462,0.485,0.434,0.561,0.873
110,Kyrie Irving\irvinky01,Kyrie Irving,irvinky01,2016-17,24,CLE,NBA,35.9,0.58,8.9,72,72,2525,671,1420,494,979,177,441,297,328,52,178,230,418,83,24,180,157,1816,0.473,0.505,0.401,0.535,0.905
111,Klay Thompson\thompkl01,Klay Thompson,thompkl01,2014-15,24,GSW,NBA,33.2,0.591,8.8,77,77,2455,602,1299,363,754,239,545,225,256,27,220,247,222,87,60,149,122,1668,0.463,0.481,0.439,0.555,0.879
112,Dwyane Wade\wadedw01,Dwyane Wade,wadedw01,2006-07,25,MIA,NBA,38.6,0.583,8.8,51,50,1931,472,962,451,883,21,79,432,535,51,188,239,384,107,62,216,117,1397,0.491,0.511,0.266,0.502,0.807
113,Ben Gordon\gordobe01,Ben Gordon,gordobe01,2006-07,23,CHI,NBA,33.2,0.572,8.6,82,51,2704,609,1338,454,963,155,375,380,440,35,223,258,296,64,17,249,252,1753,0.455,0.471,0.413,0.513,0.864
114,Tony Parker\parketo01,Tony Parker,parketo01,2008-09,26,SAS,NBA,35,0.556,8.6,72,71,2456,639,1263,620,1198,19,65,284,363,27,196,223,496,67,4,186,110,1581,0.506,0.518,0.292,0.513,0.782
115,Bradley Beal\bealbr01,Bradley Beal,bealbr01,2016-17,23,WAS,NBA,32.7,0.604,8.5,77,77,2684,637,1322,414,770,223,552,282,342,53,187,240,267,83,21,156,169,1779,0.482,0.538,0.404,0.566,0.825
116,Kevin Martin\martike02,Kevin Martin,martike02,2007-08,24,SAC,NBA,33,0.618,8.4,61,57,2216,417,914,310,648,107,266,502,578,48,225,273,129,62,5,131,150,1443,0.456,0.478,0.402,0.515,0.869
117,Walter Davis\daviswa03,Walter Davis,daviswa03,1979-80,25,PHO,NBA,32,0.608,8.3,75,,2309,657,1166,657,1162,0,4,299,365,75,197,272,337,114,19,242,202,1613,0.563,0.565,0,0.563,0.819
118,Otis Birdsong\birdsot01,Otis Birdsong,birdsot01,1980-81,25,KCK,NBA,31.9,0.58,8.2,71,,2593,710,1306,700,1271,10,35,317,455,119,139,258,233,93,18,173,172,1747,0.544,0.551,0.286,0.547,0.697
119,Kobe Bryant\bryanko01,Kobe Bryant,bryanko01,2004-05,26,LAL,NBA,35.7,0.563,8.1,66,66,2689,573,1324,442,937,131,387,542,664,95,297,392,398,86,53,270,174,1819,0.433,0.472,0.339,0.482,0.816
120,Latrell Sprewell\sprewla01,Latrell Sprewell,sprewla01,1996-97,26,GSW,NBA,30.2,0.57,8.1,80,79,3353,649,1444,502,1029,147,415,493,585,58,308,366,507,132,45,322,153,1938,0.449,0.488,0.354,0.5,0.843
121,Kemba Walker\walkeke02,Kemba Walker,walkeke02,2016-17,26,CHO,NBA,33.5,0.569,8.1,79,79,2739,643,1449,403,847,240,602,304,359,45,263,308,434,85,22,168,119,1830,0.444,0.476,0.399,0.527,0.847
122,Mitch Richmond\richmmi01,Mitch Richmond,richmmi01,1994-95,29,SAC,NBA,30.6,0.551,8,82,82,3172,668,1497,512,1073,156,424,375,445,69,288,357,311,91,29,234,227,1867,0.446,0.477,0.368,0.498,0.843
123,Derek Smith\smithde02,Derek Smith,smithde02,1984-85,23,LAC,NBA,30.4,0.592,8,80,80,2762,682,1271,679,1252,3,19,400,504,174,253,427,216,77,52,230,317,1767,0.537,0.542,0.158,0.538,0.794
124,Klay Thompson\thompkl01,Klay Thompson,thompkl01,2015-16,25,GSW,NBA,32.1,0.597,8,80,80,2666,651,1386,375,736,276,650,193,221,35,271,306,166,60,49,138,152,1771,0.47,0.51,0.425,0.569,0.873
125,Ricky Pierce\piercri01,Ricky Pierce,piercri01,1990-91,31,TOT,NBA,36.8,0.586,7.9,78,2,2167,561,1156,515,1040,46,116,430,471,67,124,191,168,60,13,147,170,1598,0.485,0.495,0.397,0.505,0.913
126,Mitch Richmond\richmmi01,Mitch Richmond,richmmi01,1997-98,32,SAC,NBA,32.9,0.569,7.9,70,70,2569,543,1220,413,886,130,334,407,471,50,179,229,279,88,15,181,154,1623,0.445,0.466,0.389,0.498,0.864
127,Ricky Pierce\piercri01,Ricky Pierce,piercri01,1991-92,32,SEA,NBA,32,0.561,7.8,78,78,2658,620,1306,587,1183,33,123,417,455,93,140,233,241,86,20,189,213,1690,0.475,0.496,0.268,0.487,0.916
128,Ricky Pierce\piercri01,Ricky Pierce,piercri01,1992-93,33,SEA,NBA,31.6,0.572,7.7,77,72,2218,524,1071,482,958,42,113,313,352,58,134,192,220,100,7,160,167,1403,0.489,0.503,0.372,0.509,0.889
129,Dwyane Wade\wadedw01,Dwyane Wade,wadedw01,2011-12,30,MIA,NBA,35,0.559,7.7,49,49,1625,416,837,401,781,15,56,235,297,73,164,237,225,82,63,129,110,1082,0.497,0.513,0.268,0.506,0.791
130,Richard Hamilton\hamilri01,Richard Hamilton,hamilri01,2005-06,27,DET,NBA,31.5,0.553,7.6,80,80,2825,649,1322,594,1202,55,120,256,303,84,172,256,275,52,16,173,207,1609,0.491,0.494,0.458,0.512,0.845
131,C.J. McCollum\mccolcj01,C.J. McCollum,mccolcj01,2016-17,25,POR,NBA,32.6,0.585,7.6,80,80,2796,692,1441,507,1002,185,439,268,294,60,229,289,285,72,42,172,202,1837,0.48,0.506,0.421,0.544,0.912
132,Goran Dragic\dragigo01,Goran Dragic,dragigo01,2016-17,30,MIA,NBA,30.4,0.575,7.5,73,73,2459,534,1124,417,835,117,289,298,377,62,217,279,423,89,13,212,199,1483,0.475,0.499,0.405,0.527,0.79
133,Devin Harris\harride01,Devin Harris,harride01,2008-09,25,NJN,NBA,31.5,0.563,7.5,69,69,2494,455,1039,391,819,64,220,496,605,30,201,231,476,114,13,212,164,1470,0.438,0.477,0.291,0.469,0.82
134,Jamal Crawford\crawfja01,Jamal Crawford,crawfja01,2009-10,29,ATL,NBA,30.9,0.573,7.3,79,0,2460,496,1105,333,678,163,427,270,315,34,167,201,238,61,12,137,132,1425,0.449,0.491,0.382,0.523,0.857
135,Jason Terry\terryja01,Jason Terry,terryja01,2008-09,31,DAL,NBA,30.5,0.571,7.3,74,11,2491,541,1168,374,712,167,456,198,225,39,138,177,251,97,20,119,141,1447,0.463,0.525,0.366,0.535,0.88
136,Andrew Toney\toneyan01,Andrew Toney,toneyan01,1982-83,25,PHI,NBA,30.2,0.558,7.3,81,81,2474,626,1250,604,1174,22,76,324,411,42,183,225,365,80,17,271,255,1598,0.501,0.514,0.289,0.51,0.788
137,Allan Houston\houstal01,Allan Houston,houstal01,2002-03,31,NYK,NBA,31.4,0.563,7.2,82,82,3108,652,1465,474,1015,178,450,363,395,26,205,231,220,54,7,178,191,1845,0.445,0.467,0.396,0.506,0.919
138,Klay Thompson\thompkl01,Klay Thompson,thompkl01,2016-17,26,GSW,NBA,31.6,0.592,7.1,78,78,2649,644,1376,376,729,268,647,186,218,49,236,285,160,66,40,128,139,1742,0.468,0.516,0.414,0.565,0.853
139,James Silas\silasja01,James Silas,silasja01,1980-81,31,SAS,NBA,30.1,0.557,7,75,,2055,476,997,476,995,0,2,374,440,44,187,231,285,51,12,159,129,1326,0.477,0.478,0,0.477,0.85
140,Ray Allen\allenra02,Ray Allen,allenra02,2003-04,28,SEA,NBA,31.9,0.566,6.9,56,56,2152,447,1017,299,639,148,378,245,271,69,217,286,268,71,11,156,132,1287,0.44,0.468,0.392,0.512,0.904
141,Ricky Pierce\piercri01,Ricky Pierce,piercri01,1988-89,29,MIL,NBA,30.9,0.573,6.7,75,4,2078,527,1018,519,982,8,36,255,297,82,115,197,156,77,19,112,193,1317,0.518,0.529,0.222,0.522,0.859
142,Lou Williams\willilo02,Lou Williams,willilo02,2014-15,28,TOR,NBA,31.9,0.564,6.6,80,0,2016,375,928,223,481,152,447,340,395,24,127,151,164,88,10,101,103,1242,0.404,0.464,0.34,0.486,0.861
143,Dale Ellis\ellisda01,Dale Ellis,ellisda01,1989-90,29,SEA,NBA,32,0.58,6.4,55,49,2033,502,1011,406,755,96,256,193,236,90,148,238,110,59,7,119,124,1293,0.497,0.538,0.375,0.544,0.818
144,Mitch Richmond\richmmi01,Mitch Richmond,richmmi01,1993-94,28,SAC,NBA,31,0.551,6.4,78,78,2897,635,1428,508,1116,127,312,426,511,70,216,286,313,103,17,216,211,1823,0.445,0.455,0.407,0.489,0.834
145,David Thompson\thompda01,David Thompson,thompda01,1980-81,26,DEN,NBA,32.8,0.571,6.4,77,,2620,734,1451,724,1412,10,39,489,615,107,180,287,231,53,60,250,231,1967,0.506,0.513,0.256,0.509,0.795
146,Ray Allen\allenra02,Ray Allen,allenra02,2006-07,31,SEA,NBA,34.3,0.564,6.3,55,55,2219,505,1153,340,710,165,443,279,309,57,190,247,228,82,11,154,113,1454,0.438,0.479,0.372,0.51,0.903
147,Michael Redd\reddmi01,Michael Redd,reddmi01,2006-07,27,MIL,NBA,36.2,0.586,6.1,53,53,2036,477,1025,360,719,117,306,345,416,42,154,196,124,63,9,122,78,1416,0.465,0.501,0.382,0.522,0.829
148,Isaiah Thomas\thomais02,Isaiah Thomas,thomais02,2014-15,25,TOT,NBA,31.8,0.579,6.1,67,1,1726,335,797,206,451,129,346,302,348,33,120,153,284,57,5,143,150,1101,0.42,0.457,0.373,0.501,0.868
149,Lou Williams\willilo02,Lou Williams,willilo02,2016-17,30,TOT,NBA,34.6,0.593,6.1,81,1,1994,428,998,265,552,163,446,402,457,26,176,202,239,80,20,160,92,1421,0.429,0.48,0.365,0.511,0.88
150,Walter Davis\daviswa03,Walter Davis,daviswa03,1986-87,32,PHO,NBA,33.2,0.562,5.8,79,79,2646,779,1515,758,1434,21,81,288,334,90,154,244,364,96,5,226,184,1867,0.514,0.529,0.259,0.521,0.862
151,Ricky Pierce\piercri01,Ricky Pierce,piercri01,1989-90,30,MIL,NBA,38.9,0.592,5.8,59,0,1709,503,987,457,854,46,133,307,366,64,103,167,133,50,7,129,158,1359,0.51,0.535,0.346,0.533,0.839
152,Michael Redd\reddmi01,Michael Redd,reddmi01,2007-08,28,MIL,NBA,31.7,0.559,5.8,72,71,2702,550,1243,420,884,130,359,402,490,85,224,309,247,65,13,181,120,1632,0.442,0.475,0.362,0.495,0.82
153,George Gervin\gervige01,George Gervin,gervige01,1983-84,31,SAS,NBA,34.3,0.551,5.5,76,76,2584,765,1561,755,1537,10,24,427,507,106,207,313,220,79,47,224,219,1967,0.49,0.491,0.417,0.493,0.842
154,Dwyane Wade\wadedw01,Dwyane Wade,wadedw01,2013-14,32,MIA,NBA,30.5,0.588,5.5,54,53,1775,415,761,406,729,9,32,189,258,60,181,241,252,79,29,161,106,1028,0.545,0.557,0.281,0.551,0.733
155,Eric Bledsoe\bledser01,Eric Bledsoe,bledser01,2016-17,27,PHO,NBA,30.6,0.563,5.3,66,66,2176,449,1034,345,724,104,310,388,458,52,268,320,418,91,31,224,164,1390,0.434,0.477,0.335,0.485,0.847
156,Jamal Crawford\crawfja01,Jamal Crawford,crawfja01,2013-14,33,LAC,NBA,30.6,0.556,5.3,69,24,2094,421,1011,260,565,161,446,279,322,34,124,158,223,59,12,135,120,1282,0.416,0.46,0.361,0.496,0.866
157,Eric Gordon\gordoer01,Eric Gordon,gordoer01,2010-11,22,LAC,NBA,30.5,0.566,5.3,56,56,2112,427,949,321,658,106,291,287,348,45,119,164,244,71,18,151,115,1247,0.45,0.488,0.364,0.506,0.825
158,Kyrie Irving\irvinky01,Kyrie Irving,irvinky01,2012-13,20,CLE,NBA,33.7,0.553,5.3,59,59,2048,484,1070,375,791,109,279,248,290,34,182,216,350,89,21,191,146,1325,0.452,0.474,0.391,0.503,0.855
159,Ben Gordon\gordobe01,Ben Gordon,gordobe01,2007-08,24,CHI,NBA,30.1,0.558,5.1,72,27,2291,464,1069,322,723,142,346,266,293,40,181,221,213,55,8,150,171,1336,0.434,0.445,0.41,0.5,0.908
160,Joe Johnson\johnsjo02,Joe Johnson,johnsjo02,2006-07,25,ATL,NBA,32.2,0.558,5.1,57,57,2359,536,1139,417,827,119,312,235,314,53,186,239,249,60,11,176,115,1426,0.471,0.504,0.381,0.523,0.748
161,Kevin Martin\martike02,Kevin Martin,martike02,2008-09,25,SAC,NBA,32.8,0.601,4.7,51,46,1947,341,811,226,534,115,277,457,527,29,154,183,138,61,8,146,116,1254,0.42,0.423,0.415,0.491,0.867
162,George Gervin\gervige01,George Gervin,gervige01,1984-85,32,SAS,NBA,33.7,0.564,4.6,72,69,2091,600,1182,600,1172,0,10,324,384,79,155,234,178,66,48,198,208,1524,0.508,0.512,0,0.508,0.844
163,Kyrie Irving\irvinky01,Kyrie Irving,irvinky01,2011-12,19,CLE,NBA,31.8,0.566,4.1,51,51,1558,350,747,277,564,73,183,171,196,44,147,191,275,54,20,160,110,944,0.469,0.491,0.399,0.517,0.872
164,Andrew Toney\toneyan01,Andrew Toney,toneyan01,1981-82,24,PHI,NBA,31.8,0.572,4,77,1,1909,511,979,486,920,25,59,227,306,43,91,134,283,64,17,214,269,1274,0.522,0.528,0.424,0.535,0.742
165,J.R. Smith\smithjr01,J.R. Smith,smithjr01,2007-08,22,DEN,NBA,30.7,0.603,3.7,74,0,1421,311,674,154,284,157,390,128,178,43,109,152,128,62,12,112,144,907,0.461,0.542,0.403,0.578,0.719
166,Mike McGee\mcgeemi01,Mike McGee,mcgeemi01,1984-85,25,LAL,NBA,30.8,0.567,3,76,3,1170,329,612,307,551,22,61,94,160,97,68,165,71,39,7,81,147,774,0.538,0.557,0.361,0.556,0.588
167,Walter Davis\daviswa03,Walter Davis,daviswa03,1981-82,27,PHO,NBA,32.4,0.553,2.7,55,12,1182,350,669,347,653,3,16,91,111,21,82,103,162,46,3,112,104,794,0.523,0.531,0.188,0.525,0.82
168,Nick Young\youngni01,Nick Young,youngni01,2013-14,28,LAL,NBA,30.7,0.564,2.5,64,9,1810,387,889,252,539,135,350,235,285,29,137,166,95,46,12,95,156,1144,0.435,0.468,0.386,0.511,0.825
169,David Thompson\thompda01,David Thompson,thompda01,1981-82,27,DEN,NBA,31.8,0.571,2,61,5,1246,313,644,309,630,4,14,276,339,57,91,148,117,34,29,142,149,906,0.486,0.49,0.286,0.489,0.814
